id;nom;prenom;telephone;email;date;heure;lieu;activite_id;retirer;deleted
1;Enhanced deposit parsing;Borders content-based;098.598.6132 x37788;Sherman_Jacobson64@hotmail.com;2020-05-25;Marketing;Dynamic Home Loan Account Tools;10147;true;true
2;Home Gloves Latvia;Ports Manager Fish;243-173-6787;Elouise.Mante@yahoo.com;2020-05-26;withdrawal Ergonomic;Strategist target;89204;true;true
3;cross-platform Borders;Libyan Dinar CSS;742-507-6019;Janet91@hotmail.com;2020-05-25;back up Factors;architectures;96665;true;true
4;SDD disintermediate reinvent;eco-centric Bedfordshire mesh;986.950.0266;Florine51@hotmail.com;2020-05-26;portal calculating Metal;real-time discrete redundant;81011;false;true
5;Senior Avon;Auto Loan Account olive;(737) 088-3035;Ian.Mayert32@gmail.com;2020-05-26;Wallis and Futuna;generating;86040;false;false
6;Licensed Plastic Pants;Plastic South Georgia and the South Sandwich Islands;229.640.8015 x4566;Moises_Cole51@gmail.com;2020-05-25;Licensed Cotton Ball;mindshare Gorgeous;2535;false;true
7;navigating;Som Rustic Frozen Keyboard ROI;507-169-2695;Madisyn_Lueilwitz@hotmail.com;2020-05-25;Gorgeous Rubber Pants Cheese;Garden;11607;false;false
8;Incredible Fresh Chips;Shoes Music connect;431-446-3069 x68023;Lionel_Watsica@gmail.com;2020-05-25;payment Soap;Web;94425;false;true
9;invoice multi-byte;incubate deposit Station;1-896-389-6921 x202;Gavin9@gmail.com;2020-05-25;robust withdrawal generate;Garden open-source hybrid;11816;true;true
10;Personal Loan Account HTTP;schemas Specialist China;758-597-4132 x753;Tomas.MacGyver42@hotmail.com;2020-05-25;application Configurable iterate;Berkshire navigating;32004;false;true
